{
  "project_info": {
    "project_number": "323606073245",
    "project_id": "yourinterpreter",
    "storage_bucket": "yourinterpreter.appspot.com"
  },
  "client": [
    {
      "client_info": {
        "mobilesdk_app_id": "1:323606073245:android:f30047f2a482545df8a974",
        "android_client_info": {
          "package_name": "com.rajpreet.yourinterpreter"
        }
      },
      "oauth_client": [
        {
          "client_id": "323606073245-78frr3aegh44it2dgt8kajgqr0p31oet.apps.googleusercontent.com",
          "client_type": 3
        }
      ],
      "api_key": [
        {
          "current_key": "AIzaSyDoeVWv23j_IfE1MdxU9C_5Ff_JhnXNF5A"
        }
      ],
      "services": {
        "appinvite_service": {
          "other_platform_oauth_client": [
            {
              "client_id": "323606073245-78frr3aegh44it2dgt8kajgqr0p31oet.apps.googleusercontent.com",
              "client_type": 3
            }
          ]
        }
      }
    }
  ],
  "configuration_version": "1"
}